NFECHA,IDX,TheYear,TheDate,CANT
01 Ene,101,2017,2017-01-01,270
02 Ene,102,2017,2017-01-02,239
03 Ene,103,2017,2017-01-03,220
04 Ene,104,2017,2017-01-04,228
05 Ene,105,2017,2017-01-05,211
06 Ene,106,2017,2017-01-06,229
07 Ene,107,2017,2017-01-07,228
08 Ene,108,2017,2017-01-08,229
09 Ene,109,2017,2017-01-09,222
10 Ene,110,2017,2017-01-10,241
11 Ene,111,2017,2017-01-11,228
12 Ene,112,2017,2017-01-12,250
13 Ene,113,2017,2017-01-13,247
14 Ene,114,2017,2017-01-14,252
15 Ene,115,2017,2017-01-15,232
16 Ene,116,2017,2017-01-16,246
17 Ene,117,2017,2017-01-17,258
18 Ene,118,2017,2017-01-18,243
19 Ene,119,2017,2017-01-19,254
20 Ene,120,2017,2017-01-20,245
21 Ene,121,2017,2017-01-21,235
22 Ene,122,2017,2017-01-22,259
23 Ene,123,2017,2017-01-23,256
24 Ene,124,2017,2017-01-24,267
25 Ene,125,2017,2017-01-25,218
26 Ene,126,2017,2017-01-26,262
27 Ene,127,2017,2017-01-27,232
28 Ene,128,2017,2017-01-28,269
29 Ene,129,2017,2017-01-29,256
30 Ene,130,2017,2017-01-30,249
31 Ene,131,2017,2017-01-31,261
01 Feb,201,2017,2017-02-01,255
02 Feb,202,2017,2017-02-02,324
03 Feb,203,2017,2017-02-03,285
04 Feb,204,2017,2017-02-04,243
05 Feb,205,2017,2017-02-05,262
06 Feb,206,2017,2017-02-06,253
07 Feb,207,2017,2017-02-07,237
08 Feb,208,2017,2017-02-08,216
09 Feb,209,2017,2017-02-09,222
10 Feb,210,2017,2017-02-10,256
11 Feb,211,2017,2017-02-11,253
12 Feb,212,2017,2017-02-12,245
13 Feb,213,2017,2017-02-13,247
14 Feb,214,2017,2017-02-14,242
15 Feb,215,2017,2017-02-15,240
16 Feb,216,2017,2017-02-16,252
17 Feb,217,2017,2017-02-17,215
18 Feb,218,2017,2017-02-18,239
19 Feb,219,2017,2017-02-19,280
20 Feb,220,2017,2017-02-20,275
21 Feb,221,2017,2017-02-21,279
22 Feb,222,2017,2017-02-22,266
23 Feb,223,2017,2017-02-23,271
24 Feb,224,2017,2017-02-24,273
25 Feb,225,2017,2017-02-25,271
26 Feb,226,2017,2017-02-26,298
27 Feb,227,2017,2017-02-27,269
28 Feb,228,2017,2017-02-28,302
01 Mar,301,2017,2017-03-01,299
02 Mar,302,2017,2017-03-02,303
03 Mar,303,2017,2017-03-03,307
04 Mar,304,2017,2017-03-04,275
05 Mar,305,2017,2017-03-05,300
06 Mar,306,2017,2017-03-06,269
07 Mar,307,2017,2017-03-07,268
08 Mar,308,2017,2017-03-08,254
09 Mar,309,2017,2017-03-09,225
10 Mar,310,2017,2017-03-10,274
11 Mar,311,2017,2017-03-11,276
12 Mar,312,2017,2017-03-12,273
13 Mar,313,2017,2017-03-13,251
14 Mar,314,2017,2017-03-14,296
15 Mar,315,2017,2017-03-15,281
16 Mar,316,2017,2017-03-16,279
17 Mar,317,2017,2017-03-17,273
18 Mar,318,2017,2017-03-18,267
19 Mar,319,2017,2017-03-19,285
20 Mar,320,2017,2017-03-20,276
21 Mar,321,2017,2017-03-21,268
22 Mar,322,2017,2017-03-22,268
23 Mar,323,2017,2017-03-23,274
24 Mar,324,2017,2017-03-24,274
25 Mar,325,2017,2017-03-25,300
26 Mar,326,2017,2017-03-26,251
27 Mar,327,2017,2017-03-27,271
28 Mar,328,2017,2017-03-28,259
29 Mar,329,2017,2017-03-29,257
30 Mar,330,2017,2017-03-30,253
31 Mar,331,2017,2017-03-31,253
01 Abr,401,2017,2017-04-01,255
02 Abr,402,2017,2017-04-02,240
03 Abr,403,2017,2017-04-03,229
04 Abr,404,2017,2017-04-04,274
05 Abr,405,2017,2017-04-05,255
06 Abr,406,2017,2017-04-06,250
07 Abr,407,2017,2017-04-07,240
08 Abr,408,2017,2017-04-08,257
09 Abr,409,2017,2017-04-09,262
10 Abr,410,2017,2017-04-10,281
11 Abr,411,2017,2017-04-11,240
12 Abr,412,2017,2017-04-12,260
13 Abr,413,2017,2017-04-13,248
14 Abr,414,2017,2017-04-14,248
15 Abr,415,2017,2017-04-15,243
16 Abr,416,2017,2017-04-16,237
17 Abr,417,2017,2017-04-17,289
18 Abr,418,2017,2017-04-18,241
19 Abr,419,2017,2017-04-19,270
20 Abr,420,2017,2017-04-20,232
21 Abr,421,2017,2017-04-21,253
22 Abr,422,2017,2017-04-22,263
23 Abr,423,2017,2017-04-23,257
24 Abr,424,2017,2017-04-24,231
25 Abr,425,2017,2017-04-25,251
26 Abr,426,2017,2017-04-26,233
27 Abr,427,2017,2017-04-27,238
28 Abr,428,2017,2017-04-28,245
29 Abr,429,2017,2017-04-29,243
30 Abr,430,2017,2017-04-30,244
01 May,501,2017,2017-05-01,294
02 May,502,2017,2017-05-02,246
03 May,503,2017,2017-05-03,239
04 May,504,2017,2017-05-04,213
05 May,505,2017,2017-05-05,307
06 May,506,2017,2017-05-06,231
07 May,507,2017,2017-05-07,251
08 May,508,2017,2017-05-08,259
09 May,509,2017,2017-05-09,240
10 May,510,2017,2017-05-10,270
11 May,511,2017,2017-05-11,242
12 May,512,2017,2017-05-12,256
13 May,513,2017,2017-05-13,234
14 May,514,2017,2017-05-14,248
15 May,515,2017,2017-05-15,274
16 May,516,2017,2017-05-16,257
17 May,517,2017,2017-05-17,270
18 May,518,2017,2017-05-18,277
19 May,519,2017,2017-05-19,239
20 May,520,2017,2017-05-20,240
21 May,521,2017,2017-05-21,254
22 May,522,2017,2017-05-22,261
23 May,523,2017,2017-05-23,248
24 May,524,2017,2017-05-24,242
25 May,525,2017,2017-05-25,283
26 May,526,2017,2017-05-26,239
27 May,527,2017,2017-05-27,285
28 May,528,2017,2017-05-28,253
29 May,529,2017,2017-05-29,222
30 May,530,2017,2017-05-30,250
31 May,531,2017,2017-05-31,267
01 Jun,601,2017,2017-06-01,255
02 Jun,602,2017,2017-06-02,259
03 Jun,603,2017,2017-06-03,280
04 Jun,604,2017,2017-06-04,250
05 Jun,605,2017,2017-06-05,259
06 Jun,606,2017,2017-06-06,312
07 Jun,607,2017,2017-06-07,267
08 Jun,608,2017,2017-06-08,271
09 Jun,609,2017,2017-06-09,282
10 Jun,610,2017,2017-06-10,263
11 Jun,611,2017,2017-06-11,279
12 Jun,612,2017,2017-06-12,262
13 Jun,613,2017,2017-06-13,234
14 Jun,614,2017,2017-06-14,261
15 Jun,615,2017,2017-06-15,276
16 Jun,616,2017,2017-06-16,261
17 Jun,617,2017,2017-06-17,286
18 Jun,618,2017,2017-06-18,259
19 Jun,619,2017,2017-06-19,330
20 Jun,620,2017,2017-06-20,265
21 Jun,621,2017,2017-06-21,260
22 Jun,622,2017,2017-06-22,264
23 Jun,623,2017,2017-06-23,264
24 Jun,624,2017,2017-06-24,265
25 Jun,625,2017,2017-06-25,269
26 Jun,626,2017,2017-06-26,317
27 Jun,627,2017,2017-06-27,263
28 Jun,628,2017,2017-06-28,285
29 Jun,629,2017,2017-06-29,293
30 Jun,630,2017,2017-06-30,256
01 Jul,701,2017,2017-07-01,262
02 Jul,702,2017,2017-07-02,290
03 Jul,703,2017,2017-07-03,294
04 Jul,704,2017,2017-07-04,294
05 Jul,705,2017,2017-07-05,244
06 Jul,706,2017,2017-07-06,283
07 Jul,707,2017,2017-07-07,336
08 Jul,708,2017,2017-07-08,252
09 Jul,709,2017,2017-07-09,305
10 Jul,710,2017,2017-07-10,246
11 Jul,711,2017,2017-07-11,268
12 Jul,712,2017,2017-07-12,266
13 Jul,713,2017,2017-07-13,277
14 Jul,714,2017,2017-07-14,299
15 Jul,715,2017,2017-07-15,276
16 Jul,716,2017,2017-07-16,290
17 Jul,717,2017,2017-07-17,266
18 Jul,718,2017,2017-07-18,297
19 Jul,719,2017,2017-07-19,287
20 Jul,720,2017,2017-07-20,265
21 Jul,721,2017,2017-07-21,290
22 Jul,722,2017,2017-07-22,267
23 Jul,723,2017,2017-07-23,285
24 Jul,724,2017,2017-07-24,303
25 Jul,725,2017,2017-07-25,288
26 Jul,726,2017,2017-07-26,255
27 Jul,727,2017,2017-07-27,300
28 Jul,728,2017,2017-07-28,280
29 Jul,729,2017,2017-07-29,300
30 Jul,730,2017,2017-07-30,278
31 Jul,731,2017,2017-07-31,280
01 Ago,801,2017,2017-08-01,301
02 Ago,802,2017,2017-08-02,263
03 Ago,803,2017,2017-08-03,260
04 Ago,804,2017,2017-08-04,271
05 Ago,805,2017,2017-08-05,250
06 Ago,806,2017,2017-08-06,304
07 Ago,807,2017,2017-08-07,284
08 Ago,808,2017,2017-08-08,299
09 Ago,809,2017,2017-08-09,296
10 Ago,810,2017,2017-08-10,254
11 Ago,811,2017,2017-08-11,286
12 Ago,812,2017,2017-08-12,268
13 Ago,813,2017,2017-08-13,275
14 Ago,814,2017,2017-08-14,263
15 Ago,815,2017,2017-08-15,287
16 Ago,816,2017,2017-08-16,311
17 Ago,817,2017,2017-08-17,246
18 Ago,818,2017,2017-08-18,271
19 Ago,819,2017,2017-08-19,272
20 Ago,820,2017,2017-08-20,263
21 Ago,821,2017,2017-08-21,278
22 Ago,822,2017,2017-08-22,288
23 Ago,823,2017,2017-08-23,260
24 Ago,824,2017,2017-08-24,314
25 Ago,825,2017,2017-08-25,295
26 Ago,826,2017,2017-08-26,263
27 Ago,827,2017,2017-08-27,272
28 Ago,828,2017,2017-08-28,317
29 Ago,829,2017,2017-08-29,260
30 Ago,830,2017,2017-08-30,286
31 Ago,831,2017,2017-08-31,271
01 Sep,901,2017,2017-09-01,276
02 Sep,902,2017,2017-09-02,274
03 Sep,903,2017,2017-09-03,287
04 Sep,904,2017,2017-09-04,273
05 Sep,905,2017,2017-09-05,271
06 Sep,906,2017,2017-09-06,290
07 Sep,907,2017,2017-09-07,292
08 Sep,908,2017,2017-09-08,276
09 Sep,909,2017,2017-09-09,327
10 Sep,910,2017,2017-09-10,300
11 Sep,911,2017,2017-09-11,316
12 Sep,912,2017,2017-09-12,286
13 Sep,913,2017,2017-09-13,284
14 Sep,914,2017,2017-09-14,287
15 Sep,915,2017,2017-09-15,277
16 Sep,916,2017,2017-09-16,317
17 Sep,917,2017,2017-09-17,291
18 Sep,918,2017,2017-09-18,280
19 Sep,919,2017,2017-09-19,314
20 Sep,920,2017,2017-09-20,258
21 Sep,921,2017,2017-09-21,267
22 Sep,922,2017,2017-09-22,285
23 Sep,923,2017,2017-09-23,306
24 Sep,924,2017,2017-09-24,304
25 Sep,925,2017,2017-09-25,297
26 Sep,926,2017,2017-09-26,298
27 Sep,927,2017,2017-09-27,304
28 Sep,928,2017,2017-09-28,290
29 Sep,929,2017,2017-09-29,299
30 Sep,930,2017,2017-09-30,306
01 Oct,1001,2017,2017-10-01,287
02 Oct,1002,2017,2017-10-02,278
03 Oct,1003,2017,2017-10-03,269
04 Oct,1004,2017,2017-10-04,279
05 Oct,1005,2017,2017-10-05,272
06 Oct,1006,2017,2017-10-06,301
07 Oct,1007,2017,2017-10-07,271
08 Oct,1008,2017,2017-10-08,299
09 Oct,1009,2017,2017-10-09,276
10 Oct,1010,2017,2017-10-10,351
11 Oct,1011,2017,2017-10-11,304
12 Oct,1012,2017,2017-10-12,284
13 Oct,1013,2017,2017-10-13,293
14 Oct,1014,2017,2017-10-14,270
15 Oct,1015,2017,2017-10-15,298
16 Oct,1016,2017,2017-10-16,275
17 Oct,1017,2017,2017-10-17,301
18 Oct,1018,2017,2017-10-18,298
19 Oct,1019,2017,2017-10-19,296
20 Oct,1020,2017,2017-10-20,308
21 Oct,1021,2017,2017-10-21,303
22 Oct,1022,2017,2017-10-22,287
23 Oct,1023,2017,2017-10-23,325
24 Oct,1024,2017,2017-10-24,305
25 Oct,1025,2017,2017-10-25,306
26 Oct,1026,2017,2017-10-26,282
27 Oct,1027,2017,2017-10-27,271
28 Oct,1028,2017,2017-10-28,250
29 Oct,1029,2017,2017-10-29,302
30 Oct,1030,2017,2017-10-30,322
31 Oct,1031,2017,2017-10-31,291
01 Nov,1101,2017,2017-11-01,275
02 Nov,1102,2017,2017-11-02,273
03 Nov,1103,2017,2017-11-03,276
04 Nov,1104,2017,2017-11-04,289
05 Nov,1105,2017,2017-11-05,304
06 Nov,1106,2017,2017-11-06,250
07 Nov,1107,2017,2017-11-07,261
08 Nov,1108,2017,2017-11-08,265
09 Nov,1109,2017,2017-11-09,262
10 Nov,1110,2017,2017-11-10,319
11 Nov,1111,2017,2017-11-11,342
12 Nov,1112,2017,2017-11-12,299
13 Nov,1113,2017,2017-11-13,284
14 Nov,1114,2017,2017-11-14,256
15 Nov,1115,2017,2017-11-15,263
16 Nov,1116,2017,2017-11-16,282
17 Nov,1117,2017,2017-11-17,290
18 Nov,1118,2017,2017-11-18,242
19 Nov,1119,2017,2017-11-19,276
20 Nov,1120,2017,2017-11-20,311
21 Nov,1121,2017,2017-11-21,271
22 Nov,1122,2017,2017-11-22,307
23 Nov,1123,2017,2017-11-23,315
24 Nov,1124,2017,2017-11-24,272
25 Nov,1125,2017,2017-11-25,279
26 Nov,1126,2017,2017-11-26,280
27 Nov,1127,2017,2017-11-27,291
28 Nov,1128,2017,2017-11-28,302
29 Nov,1129,2017,2017-11-29,288
30 Nov,1130,2017,2017-11-30,282
01 Dic,1201,2017,2017-12-01,266
02 Dic,1202,2017,2017-12-02,244
03 Dic,1203,2017,2017-12-03,278
04 Dic,1204,2017,2017-12-04,262
05 Dic,1205,2017,2017-12-05,252
06 Dic,1206,2017,2017-12-06,240
07 Dic,1207,2017,2017-12-07,286
08 Dic,1208,2017,2017-12-08,279
09 Dic,1209,2017,2017-12-09,263
10 Dic,1210,2017,2017-12-10,284
11 Dic,1211,2017,2017-12-11,262
12 Dic,1212,2017,2017-12-12,291
13 Dic,1213,2017,2017-12-13,269
14 Dic,1214,2017,2017-12-14,291
15 Dic,1215,2017,2017-12-15,261
16 Dic,1216,2017,2017-12-16,301
17 Dic,1217,2017,2017-12-17,293
18 Dic,1218,2017,2017-12-18,271
19 Dic,1219,2017,2017-12-19,261
20 Dic,1220,2017,2017-12-20,260
21 Dic,1221,2017,2017-12-21,279
22 Dic,1222,2017,2017-12-22,278
23 Dic,1223,2017,2017-12-23,309
24 Dic,1224,2017,2017-12-24,291
25 Dic,1225,2017,2017-12-25,259
26 Dic,1226,2017,2017-12-26,298
27 Dic,1227,2017,2017-12-27,281
28 Dic,1228,2017,2017-12-28,292
29 Dic,1229,2017,2017-12-29,253
30 Dic,1230,2017,2017-12-30,292
31 Dic,1231,2017,2017-12-31,273
01 Ene,101,2018,2018-01-01,322
02 Ene,102,2018,2018-01-02,298
03 Ene,103,2018,2018-01-03,271
04 Ene,104,2018,2018-01-04,268
05 Ene,105,2018,2018-01-05,250
06 Ene,106,2018,2018-01-06,283
07 Ene,107,2018,2018-01-07,296
08 Ene,108,2018,2018-01-08,287
09 Ene,109,2018,2018-01-09,265
10 Ene,110,2018,2018-01-10,279
11 Ene,111,2018,2018-01-11,288
12 Ene,112,2018,2018-01-12,287
13 Ene,113,2018,2018-01-13,290
14 Ene,114,2018,2018-01-14,284
15 Ene,115,2018,2018-01-15,307
16 Ene,116,2018,2018-01-16,284
17 Ene,117,2018,2018-01-17,274
18 Ene,118,2018,2018-01-18,268
19 Ene,119,2018,2018-01-19,243
20 Ene,120,2018,2018-01-20,265
21 Ene,121,2018,2018-01-21,281
22 Ene,122,2018,2018-01-22,303
23 Ene,123,2018,2018-01-23,276
24 Ene,124,2018,2018-01-24,259
25 Ene,125,2018,2018-01-25,280
26 Ene,126,2018,2018-01-26,286
27 Ene,127,2018,2018-01-27,259
28 Ene,128,2018,2018-01-28,290
29 Ene,129,2018,2018-01-29,284
30 Ene,130,2018,2018-01-30,269
31 Ene,131,2018,2018-01-31,265
01 Feb,201,2018,2018-02-01,291
02 Feb,202,2018,2018-02-02,282
03 Feb,203,2018,2018-02-03,233
04 Feb,204,2018,2018-02-04,264
05 Feb,205,2018,2018-02-05,282
06 Feb,206,2018,2018-02-06,269
07 Feb,207,2018,2018-02-07,267
08 Feb,208,2018,2018-02-08,289
09 Feb,209,2018,2018-02-09,255
10 Feb,210,2018,2018-02-10,262
11 Feb,211,2018,2018-02-11,290
12 Feb,212,2018,2018-02-12,267
13 Feb,213,2018,2018-02-13,256
14 Feb,214,2018,2018-02-14,309
15 Feb,215,2018,2018-02-15,322
16 Feb,216,2018,2018-02-16,285
17 Feb,217,2018,2018-02-17,281
18 Feb,218,2018,2018-02-18,304
19 Feb,219,2018,2018-02-19,305
20 Feb,220,2018,2018-02-20,278
21 Feb,221,2018,2018-02-21,267
22 Feb,222,2018,2018-02-22,259
23 Feb,223,2018,2018-02-23,271
24 Feb,224,2018,2018-02-24,279
25 Feb,225,2018,2018-02-25,290
26 Feb,226,2018,2018-02-26,283
27 Feb,227,2018,2018-02-27,301
28 Feb,228,2018,2018-02-28,284
01 Mar,301,2018,2018-03-01,225
02 Mar,302,2018,2018-03-02,270
03 Mar,303,2018,2018-03-03,299
04 Mar,304,2018,2018-03-04,285
05 Mar,305,2018,2018-03-05,269
06 Mar,306,2018,2018-03-06,276
07 Mar,307,2018,2018-03-07,282
08 Mar,308,2018,2018-03-08,257
09 Mar,309,2018,2018-03-09,275
10 Mar,310,2018,2018-03-10,271
11 Mar,311,2018,2018-03-11,263
12 Mar,312,2018,2018-03-12,285
13 Mar,313,2018,2018-03-13,278
14 Mar,314,2018,2018-03-14,283
15 Mar,315,2018,2018-03-15,264
16 Mar,316,2018,2018-03-16,275
17 Mar,317,2018,2018-03-17,284
18 Mar,318,2018,2018-03-18,302
19 Mar,319,2018,2018-03-19,273
20 Mar,320,2018,2018-03-20,263
21 Mar,321,2018,2018-03-21,278
22 Mar,322,2018,2018-03-22,286
23 Mar,323,2018,2018-03-23,302
24 Mar,324,2018,2018-03-24,290
25 Mar,325,2018,2018-03-25,277
26 Mar,326,2018,2018-03-26,272
27 Mar,327,2018,2018-03-27,284
28 Mar,328,2018,2018-03-28,295
29 Mar,329,2018,2018-03-29,314
30 Mar,330,2018,2018-03-30,270
31 Mar,331,2018,2018-03-31,246
01 Abr,401,2018,2018-04-01,303
02 Abr,402,2018,2018-04-02,321
03 Abr,403,2018,2018-04-03,314
04 Abr,404,2018,2018-04-04,314
05 Abr,405,2018,2018-04-05,281
06 Abr,406,2018,2018-04-06,291
07 Abr,407,2018,2018-04-07,281
08 Abr,408,2018,2018-04-08,298
09 Abr,409,2018,2018-04-09,261
10 Abr,410,2018,2018-04-10,268
11 Abr,411,2018,2018-04-11,272
12 Abr,412,2018,2018-04-12,252
13 Abr,413,2018,2018-04-13,277
14 Abr,414,2018,2018-04-14,261
15 Abr,415,2018,2018-04-15,244
16 Abr,416,2018,2018-04-16,268
17 Abr,417,2018,2018-04-17,336
18 Abr,418,2018,2018-04-18,260
19 Abr,419,2018,2018-04-19,243
20 Abr,420,2018,2018-04-20,312
21 Abr,421,2018,2018-04-21,294
22 Abr,422,2018,2018-04-22,272
23 Abr,423,2018,2018-04-23,284
24 Abr,424,2018,2018-04-24,292
25 Abr,425,2018,2018-04-25,312
26 Abr,426,2018,2018-04-26,272
27 Abr,427,2018,2018-04-27,277
28 Abr,428,2018,2018-04-28,280
29 Abr,429,2018,2018-04-29,274
30 Abr,430,2018,2018-04-30,280
01 May,501,2018,2018-05-01,326
02 May,502,2018,2018-05-02,292
03 May,503,2018,2018-05-03,308
04 May,504,2018,2018-05-04,302
05 May,505,2018,2018-05-05,307
06 May,506,2018,2018-05-06,315
07 May,507,2018,2018-05-07,270
08 May,508,2018,2018-05-08,256
09 May,509,2018,2018-05-09,263
10 May,510,2018,2018-05-10,305
11 May,511,2018,2018-05-11,320
12 May,512,2018,2018-05-12,293
13 May,513,2018,2018-05-13,294
14 May,514,2018,2018-05-14,305
15 May,515,2018,2018-05-15,314
16 May,516,2018,2018-05-16,301
17 May,517,2018,2018-05-17,289
18 May,518,2018,2018-05-18,297
19 May,519,2018,2018-05-19,294
20 May,520,2018,2018-05-20,318
21 May,521,2018,2018-05-21,317
22 May,522,2018,2018-05-22,362
23 May,523,2018,2018-05-23,306
24 May,524,2018,2018-05-24,320
25 May,525,2018,2018-05-25,334
26 May,526,2018,2018-05-26,315
27 May,527,2018,2018-05-27,340
28 May,528,2018,2018-05-28,332
29 May,529,2018,2018-05-29,334
30 May,530,2018,2018-05-30,293
31 May,531,2018,2018-05-31,314
01 Jun,601,2018,2018-06-01,332
02 Jun,602,2018,2018-06-02,359
03 Jun,603,2018,2018-06-03,324
04 Jun,604,2018,2018-06-04,349
05 Jun,605,2018,2018-06-05,340
06 Jun,606,2018,2018-06-06,348
07 Jun,607,2018,2018-06-07,303
08 Jun,608,2018,2018-06-08,319
09 Jun,609,2018,2018-06-09,317
10 Jun,610,2018,2018-06-10,371
11 Jun,611,2018,2018-06-11,346
12 Jun,612,2018,2018-06-12,366
13 Jun,613,2018,2018-06-13,376
14 Jun,614,2018,2018-06-14,343
15 Jun,615,2018,2018-06-15,310
16 Jun,616,2018,2018-06-16,339
17 Jun,617,2018,2018-06-17,362
18 Jun,618,2018,2018-06-18,363
19 Jun,619,2018,2018-06-19,350
20 Jun,620,2018,2018-06-20,358
21 Jun,621,2018,2018-06-21,401
22 Jun,622,2018,2018-06-22,339
23 Jun,623,2018,2018-06-23,341
24 Jun,624,2018,2018-06-24,345
25 Jun,625,2018,2018-06-25,340
26 Jun,626,2018,2018-06-26,361
27 Jun,627,2018,2018-06-27,350
28 Jun,628,2018,2018-06-28,349
29 Jun,629,2018,2018-06-29,331
30 Jun,630,2018,2018-06-30,346
01 Jul,701,2018,2018-07-01,377
02 Jul,702,2018,2018-07-02,367
03 Jul,703,2018,2018-07-03,326
04 Jul,704,2018,2018-07-04,385
05 Jul,705,2018,2018-07-05,330
06 Jul,706,2018,2018-07-06,346
07 Jul,707,2018,2018-07-07,365
08 Jul,708,2018,2018-07-08,357
09 Jul,709,2018,2018-07-09,345
10 Jul,710,2018,2018-07-10,320
11 Jul,711,2018,2018-07-11,328
12 Jul,712,2018,2018-07-12,298
13 Jul,713,2018,2018-07-13,331
14 Jul,714,2018,2018-07-14,352
15 Jul,715,2018,2018-07-15,346
16 Jul,716,2018,2018-07-16,358
17 Jul,717,2018,2018-07-17,347
18 Jul,718,2018,2018-07-18,364
19 Jul,719,2018,2018-07-19,303
20 Jul,720,2018,2018-07-20,357
21 Jul,721,2018,2018-07-21,343
22 Jul,722,2018,2018-07-22,317
23 Jul,723,2018,2018-07-23,341
24 Jul,724,2018,2018-07-24,349
25 Jul,725,2018,2018-07-25,360
26 Jul,726,2018,2018-07-26,326
27 Jul,727,2018,2018-07-27,342
28 Jul,728,2018,2018-07-28,307
29 Jul,729,2018,2018-07-29,352
30 Jul,730,2018,2018-07-30,360
31 Jul,731,2018,2018-07-31,330
01 Ago,801,2018,2018-08-01,332
02 Ago,802,2018,2018-08-02,358
03 Ago,803,2018,2018-08-03,334
04 Ago,804,2018,2018-08-04,347
05 Ago,805,2018,2018-08-05,327
06 Ago,806,2018,2018-08-06,345
07 Ago,807,2018,2018-08-07,322
08 Ago,808,2018,2018-08-08,347
09 Ago,809,2018,2018-08-09,327
10 Ago,810,2018,2018-08-10,340
11 Ago,811,2018,2018-08-11,328
12 Ago,812,2018,2018-08-12,365
13 Ago,813,2018,2018-08-13,318
14 Ago,814,2018,2018-08-14,359
15 Ago,815,2018,2018-08-15,297
16 Ago,816,2018,2018-08-16,338
17 Ago,817,2018,2018-08-17,328
18 Ago,818,2018,2018-08-18,340
19 Ago,819,2018,2018-08-19,306
20 Ago,820,2018,2018-08-20,312
21 Ago,821,2018,2018-08-21,311
22 Ago,822,2018,2018-08-22,293
23 Ago,823,2018,2018-08-23,356
24 Ago,824,2018,2018-08-24,327
25 Ago,825,2018,2018-08-25,319
26 Ago,826,2018,2018-08-26,300
27 Ago,827,2018,2018-08-27,361
28 Ago,828,2018,2018-08-28,329
29 Ago,829,2018,2018-08-29,322
30 Ago,830,2018,2018-08-30,344
31 Ago,831,2018,2018-08-31,303
01 Sep,901,2018,2018-09-01,326
02 Sep,902,2018,2018-09-02,328
03 Sep,903,2018,2018-09-03,320
04 Sep,904,2018,2018-09-04,325
05 Sep,905,2018,2018-09-05,332
06 Sep,906,2018,2018-09-06,303
07 Sep,907,2018,2018-09-07,316
08 Sep,908,2018,2018-09-08,343
09 Sep,909,2018,2018-09-09,349
10 Sep,910,2018,2018-09-10,313
11 Sep,911,2018,2018-09-11,328
12 Sep,912,2018,2018-09-12,324
13 Sep,913,2018,2018-09-13,331
14 Sep,914,2018,2018-09-14,285
15 Sep,915,2018,2018-09-15,321
16 Sep,916,2018,2018-09-16,322
17 Sep,917,2018,2018-09-17,331
18 Sep,918,2018,2018-09-18,322
19 Sep,919,2018,2018-09-19,314
20 Sep,920,2018,2018-09-20,301
21 Sep,921,2018,2018-09-21,336
22 Sep,922,2018,2018-09-22,318
23 Sep,923,2018,2018-09-23,337
24 Sep,924,2018,2018-09-24,350
25 Sep,925,2018,2018-09-25,335
26 Sep,926,2018,2018-09-26,341
27 Sep,927,2018,2018-09-27,336
28 Sep,928,2018,2018-09-28,325
29 Sep,929,2018,2018-09-29,326
30 Sep,930,2018,2018-09-30,315
01 Oct,1001,2018,2018-10-01,328
02 Oct,1002,2018,2018-10-02,337
03 Oct,1003,2018,2018-10-03,310
04 Oct,1004,2018,2018-10-04,314
05 Oct,1005,2018,2018-10-05,321
06 Oct,1006,2018,2018-10-06,305
07 Oct,1007,2018,2018-10-07,329
08 Oct,1008,2018,2018-10-08,286
09 Oct,1009,2018,2018-10-09,328
10 Oct,1010,2018,2018-10-10,370
11 Oct,1011,2018,2018-10-11,314
12 Oct,1012,2018,2018-10-12,317
13 Oct,1013,2018,2018-10-13,296
14 Oct,1014,2018,2018-10-14,376
15 Oct,1015,2018,2018-10-15,337
16 Oct,1016,2018,2018-10-16,348
17 Oct,1017,2018,2018-10-17,321
18 Oct,1018,2018,2018-10-18,320
19 Oct,1019,2018,2018-10-19,308
20 Oct,1020,2018,2018-10-20,335
21 Oct,1021,2018,2018-10-21,327
22 Oct,1022,2018,2018-10-22,352
23 Oct,1023,2018,2018-10-23,331
24 Oct,1024,2018,2018-10-24,322
25 Oct,1025,2018,2018-10-25,319
26 Oct,1026,2018,2018-10-26,306
27 Oct,1027,2018,2018-10-27,308
28 Oct,1028,2018,2018-10-28,358
29 Oct,1029,2018,2018-10-29,332
30 Oct,1030,2018,2018-10-30,342
31 Oct,1031,2018,2018-10-31,312
01 Nov,1101,2018,2018-11-01,307
02 Nov,1102,2018,2018-11-02,326
03 Nov,1103,2018,2018-11-03,307
04 Nov,1104,2018,2018-11-04,316
05 Nov,1105,2018,2018-11-05,337
06 Nov,1106,2018,2018-11-06,315
07 Nov,1107,2018,2018-11-07,310
08 Nov,1108,2018,2018-11-08,308
09 Nov,1109,2018,2018-11-09,328
10 Nov,1110,2018,2018-11-10,298
11 Nov,1111,2018,2018-11-11,349
12 Nov,1112,2018,2018-11-12,319
13 Nov,1113,2018,2018-11-13,273
14 Nov,1114,2018,2018-11-14,294
15 Nov,1115,2018,2018-11-15,297
16 Nov,1116,2018,2018-11-16,307
17 Nov,1117,2018,2018-11-17,292
18 Nov,1118,2018,2018-11-18,278
19 Nov,1119,2018,2018-11-19,296
20 Nov,1120,2018,2018-11-20,331
21 Nov,1121,2018,2018-11-21,287
22 Nov,1122,2018,2018-11-22,239
23 Nov,1123,2018,2018-11-23,308
24 Nov,1124,2018,2018-11-24,277
25 Nov,1125,2018,2018-11-25,276
26 Nov,1126,2018,2018-11-26,276
27 Nov,1127,2018,2018-11-27,284
28 Nov,1128,2018,2018-11-28,273
29 Nov,1129,2018,2018-11-29,291
30 Nov,1130,2018,2018-11-30,264
01 Dic,1201,2018,2018-12-01,308
02 Dic,1202,2018,2018-12-02,332
03 Dic,1203,2018,2018-12-03,310
04 Dic,1204,2018,2018-12-04,331
05 Dic,1205,2018,2018-12-05,311
06 Dic,1206,2018,2018-12-06,281
07 Dic,1207,2018,2018-12-07,274
08 Dic,1208,2018,2018-12-08,337
09 Dic,1209,2018,2018-12-09,303
10 Dic,1210,2018,2018-12-10,326
11 Dic,1211,2018,2018-12-11,318
12 Dic,1212,2018,2018-12-12,312
13 Dic,1213,2018,2018-12-13,292
14 Dic,1214,2018,2018-12-14,282
15 Dic,1215,2018,2018-12-15,320
16 Dic,1216,2018,2018-12-16,318
17 Dic,1217,2018,2018-12-17,338
18 Dic,1218,2018,2018-12-18,299
19 Dic,1219,2018,2018-12-19,300
20 Dic,1220,2018,2018-12-20,313
21 Dic,1221,2018,2018-12-21,326
22 Dic,1222,2018,2018-12-22,311
23 Dic,1223,2018,2018-12-23,294
24 Dic,1224,2018,2018-12-24,317
25 Dic,1225,2018,2018-12-25,312
26 Dic,1226,2018,2018-12-26,320
27 Dic,1227,2018,2018-12-27,318
28 Dic,1228,2018,2018-12-28,303
29 Dic,1229,2018,2018-12-29,307
30 Dic,1230,2018,2018-12-30,327
31 Dic,1231,2018,2018-12-31,296
01 Ene,101,2019,2019-01-01,344
02 Ene,102,2019,2019-01-02,319
03 Ene,103,2019,2019-01-03,327
04 Ene,104,2019,2019-01-04,308
05 Ene,105,2019,2019-01-05,313
06 Ene,106,2019,2019-01-06,330
07 Ene,107,2019,2019-01-07,322
08 Ene,108,2019,2019-01-08,323
09 Ene,109,2019,2019-01-09,298
10 Ene,110,2019,2019-01-10,309
11 Ene,111,2019,2019-01-11,290
12 Ene,112,2019,2019-01-12,278
13 Ene,113,2019,2019-01-13,306
14 Ene,114,2019,2019-01-14,293
15 Ene,115,2019,2019-01-15,307
16 Ene,116,2019,2019-01-16,322
17 Ene,117,2019,2019-01-17,272
18 Ene,118,2019,2019-01-18,290
19 Ene,119,2019,2019-01-19,345
20 Ene,120,2019,2019-01-20,303
21 Ene,121,2019,2019-01-21,260
22 Ene,122,2019,2019-01-22,325
23 Ene,123,2019,2019-01-23,285
24 Ene,124,2019,2019-01-24,295
25 Ene,125,2019,2019-01-25,322
26 Ene,126,2019,2019-01-26,303
27 Ene,127,2019,2019-01-27,336
28 Ene,128,2019,2019-01-28,334
29 Ene,129,2019,2019-01-29,326
30 Ene,130,2019,2019-01-30,339
31 Ene,131,2019,2019-01-31,312
01 Feb,201,2019,2019-02-01,343
02 Feb,202,2019,2019-02-02,353
03 Feb,203,2019,2019-02-03,338
04 Feb,204,2019,2019-02-04,340
05 Feb,205,2019,2019-02-05,375
06 Feb,206,2019,2019-02-06,323
07 Feb,207,2019,2019-02-07,307
08 Feb,208,2019,2019-02-08,331
09 Feb,209,2019,2019-02-09,316
10 Feb,210,2019,2019-02-10,315
11 Feb,211,2019,2019-02-11,346
12 Feb,212,2019,2019-02-12,308
13 Feb,213,2019,2019-02-13,314
14 Feb,214,2019,2019-02-14,332
15 Feb,215,2019,2019-02-15,307
16 Feb,216,2019,2019-02-16,318
17 Feb,217,2019,2019-02-17,326
18 Feb,218,2019,2019-02-18,350
19 Feb,219,2019,2019-02-19,331
20 Feb,220,2019,2019-02-20,325
21 Feb,221,2019,2019-02-21,338
22 Feb,222,2019,2019-02-22,345
23 Feb,223,2019,2019-02-23,337
24 Feb,224,2019,2019-02-24,292
25 Feb,225,2019,2019-02-25,349
26 Feb,226,2019,2019-02-26,324
27 Feb,227,2019,2019-02-27,330
28 Feb,228,2019,2019-02-28,314
01 Mar,301,2019,2019-03-01,344
02 Mar,302,2019,2019-03-02,358
03 Mar,303,2019,2019-03-03,354
04 Mar,304,2019,2019-03-04,336
05 Mar,305,2019,2019-03-05,385
06 Mar,306,2019,2019-03-06,330
07 Mar,307,2019,2019-03-07,315
08 Mar,308,2019,2019-03-08,311
09 Mar,309,2019,2019-03-09,310
10 Mar,310,2019,2019-03-10,306
11 Mar,311,2019,2019-03-11,312
12 Mar,312,2019,2019-03-12,299
13 Mar,313,2019,2019-03-13,325
14 Mar,314,2019,2019-03-14,331
15 Mar,315,2019,2019-03-15,324
16 Mar,316,2019,2019-03-16,307
17 Mar,317,2019,2019-03-17,354
18 Mar,318,2019,2019-03-18,313
19 Mar,319,2019,2019-03-19,277
20 Mar,320,2019,2019-03-20,310
21 Mar,321,2019,2019-03-21,302
22 Mar,322,2019,2019-03-22,281
23 Mar,323,2019,2019-03-23,307
24 Mar,324,2019,2019-03-24,317
25 Mar,325,2019,2019-03-25,298
26 Mar,326,2019,2019-03-26,275
27 Mar,327,2019,2019-03-27,317
28 Mar,328,2019,2019-03-28,292
29 Mar,329,2019,2019-03-29,315
30 Mar,330,2019,2019-03-30,300
31 Mar,331,2019,2019-03-31,313
01 Abr,401,2019,2019-04-01,308
02 Abr,402,2019,2019-04-02,284
03 Abr,403,2019,2019-04-03,304
04 Abr,404,2019,2019-04-04,257
05 Abr,405,2019,2019-04-05,307
06 Abr,406,2019,2019-04-06,302
07 Abr,407,2019,2019-04-07,277
08 Abr,408,2019,2019-04-08,315
09 Abr,409,2019,2019-04-09,292
10 Abr,410,2019,2019-04-10,278
11 Abr,411,2019,2019-04-11,300
12 Abr,412,2019,2019-04-12,308
13 Abr,413,2019,2019-04-13,300
14 Abr,414,2019,2019-04-14,303
15 Abr,415,2019,2019-04-15,307
16 Abr,416,2019,2019-04-16,303
17 Abr,417,2019,2019-04-17,302
18 Abr,418,2019,2019-04-18,288
19 Abr,419,2019,2019-04-19,307
20 Abr,420,2019,2019-04-20,296
21 Abr,421,2019,2019-04-21,336
22 Abr,422,2019,2019-04-22,291
23 Abr,423,2019,2019-04-23,291
24 Abr,424,2019,2019-04-24,279
25 Abr,425,2019,2019-04-25,289
26 Abr,426,2019,2019-04-26,303
27 Abr,427,2019,2019-04-27,310
28 Abr,428,2019,2019-04-28,260
29 Abr,429,2019,2019-04-29,278
30 Abr,430,2019,2019-04-30,305
01 May,501,2019,2019-05-01,302
02 May,502,2019,2019-05-02,270
03 May,503,2019,2019-05-03,294
04 May,504,2019,2019-05-04,299
05 May,505,2019,2019-05-05,294
06 May,506,2019,2019-05-06,259
07 May,507,2019,2019-05-07,275
08 May,508,2019,2019-05-08,292
09 May,509,2019,2019-05-09,281
10 May,510,2019,2019-05-10,299
11 May,511,2019,2019-05-11,279
12 May,512,2019,2019-05-12,296
13 May,513,2019,2019-05-13,308
14 May,514,2019,2019-05-14,293
15 May,515,2019,2019-05-15,281
16 May,516,2019,2019-05-16,275
17 May,517,2019,2019-05-17,293
18 May,518,2019,2019-05-18,288
19 May,519,2019,2019-05-19,283
20 May,520,2019,2019-05-20,272
21 May,521,2019,2019-05-21,288
22 May,522,2019,2019-05-22,267
23 May,523,2019,2019-05-23,307
24 May,524,2019,2019-05-24,299
25 May,525,2019,2019-05-25,260
26 May,526,2019,2019-05-26,302
27 May,527,2019,2019-05-27,294
28 May,528,2019,2019-05-28,341
29 May,529,2019,2019-05-29,283
30 May,530,2019,2019-05-30,295
31 May,531,2019,2019-05-31,267
01 Jun,601,2019,2019-06-01,309
02 Jun,602,2019,2019-06-02,291
03 Jun,603,2019,2019-06-03,296
04 Jun,604,2019,2019-06-04,293
05 Jun,605,2019,2019-06-05,291
06 Jun,606,2019,2019-06-06,335
07 Jun,607,2019,2019-06-07,309
08 Jun,608,2019,2019-06-08,291
09 Jun,609,2019,2019-06-09,309
10 Jun,610,2019,2019-06-10,316
11 Jun,611,2019,2019-06-11,299
12 Jun,612,2019,2019-06-12,313
13 Jun,613,2019,2019-06-13,308
14 Jun,614,2019,2019-06-14,306
15 Jun,615,2019,2019-06-15,296
16 Jun,616,2019,2019-06-16,331
17 Jun,617,2019,2019-06-17,364
18 Jun,618,2019,2019-06-18,315
19 Jun,619,2019,2019-06-19,327
20 Jun,620,2019,2019-06-20,315
21 Jun,621,2019,2019-06-21,305
22 Jun,622,2019,2019-06-22,317
23 Jun,623,2019,2019-06-23,315
24 Jun,624,2019,2019-06-24,306
25 Jun,625,2019,2019-06-25,284
26 Jun,626,2019,2019-06-26,341
27 Jun,627,2019,2019-06-27,335
28 Jun,628,2019,2019-06-28,325
29 Jun,629,2019,2019-06-29,278
30 Jun,630,2019,2019-06-30,312
01 Jul,701,2019,2019-07-01,327
02 Jul,702,2019,2019-07-02,304
03 Jul,703,2019,2019-07-03,317
04 Jul,704,2019,2019-07-04,324
05 Jul,705,2019,2019-07-05,336
06 Jul,706,2019,2019-07-06,324
07 Jul,707,2019,2019-07-07,302
08 Jul,708,2019,2019-07-08,296
09 Jul,709,2019,2019-07-09,324
10 Jul,710,2019,2019-07-10,329
11 Jul,711,2019,2019-07-11,313
12 Jul,712,2019,2019-07-12,306
13 Jul,713,2019,2019-07-13,328
14 Jul,714,2019,2019-07-14,286
15 Jul,715,2019,2019-07-15,330
16 Jul,716,2019,2019-07-16,300
17 Jul,717,2019,2019-07-17,332
18 Jul,718,2019,2019-07-18,341
19 Jul,719,2019,2019-07-19,315
20 Jul,720,2019,2019-07-20,322
21 Jul,721,2019,2019-07-21,315
22 Jul,722,2019,2019-07-22,328
23 Jul,723,2019,2019-07-23,297
24 Jul,724,2019,2019-07-24,335
25 Jul,725,2019,2019-07-25,309
26 Jul,726,2019,2019-07-26,298
27 Jul,727,2019,2019-07-27,357
28 Jul,728,2019,2019-07-28,341
29 Jul,729,2019,2019-07-29,336
30 Jul,730,2019,2019-07-30,339
31 Jul,731,2019,2019-07-31,306
01 Ago,801,2019,2019-08-01,292
02 Ago,802,2019,2019-08-02,346
03 Ago,803,2019,2019-08-03,323
04 Ago,804,2019,2019-08-04,289
05 Ago,805,2019,2019-08-05,359
06 Ago,806,2019,2019-08-06,333
07 Ago,807,2019,2019-08-07,310
08 Ago,808,2019,2019-08-08,339
09 Ago,809,2019,2019-08-09,338
10 Ago,810,2019,2019-08-10,350
11 Ago,811,2019,2019-08-11,327
12 Ago,812,2019,2019-08-12,325
13 Ago,813,2019,2019-08-13,332
14 Ago,814,2019,2019-08-14,302
15 Ago,815,2019,2019-08-15,338
16 Ago,816,2019,2019-08-16,275
17 Ago,817,2019,2019-08-17,293
18 Ago,818,2019,2019-08-18,341
19 Ago,819,2019,2019-08-19,331
20 Ago,820,2019,2019-08-20,364
21 Ago,821,2019,2019-08-21,320
22 Ago,822,2019,2019-08-22,307
23 Ago,823,2019,2019-08-23,284
24 Ago,824,2019,2019-08-24,261
25 Ago,825,2019,2019-08-25,316
26 Ago,826,2019,2019-08-26,295
27 Ago,827,2019,2019-08-27,305
28 Ago,828,2019,2019-08-28,343
29 Ago,829,2019,2019-08-29,329
30 Ago,830,2019,2019-08-30,322
31 Ago,831,2019,2019-08-31,370
01 Sep,901,2019,2019-09-01,332
02 Sep,902,2019,2019-09-02,339
03 Sep,903,2019,2019-09-03,305
04 Sep,904,2019,2019-09-04,288
05 Sep,905,2019,2019-09-05,323
06 Sep,906,2019,2019-09-06,299
07 Sep,907,2019,2019-09-07,303
08 Sep,908,2019,2019-09-08,332
09 Sep,909,2019,2019-09-09,322
10 Sep,910,2019,2019-09-10,308
11 Sep,911,2019,2019-09-11,289
12 Sep,912,2019,2019-09-12,333
13 Sep,913,2019,2019-09-13,313
14 Sep,914,2019,2019-09-14,346
15 Sep,915,2019,2019-09-15,332
16 Sep,916,2019,2019-09-16,363
17 Sep,917,2019,2019-09-17,342
18 Sep,918,2019,2019-09-18,335
19 Sep,919,2019,2019-09-19,342
20 Sep,920,2019,2019-09-20,338
21 Sep,921,2019,2019-09-21,297
22 Sep,922,2019,2019-09-22,350
23 Sep,923,2019,2019-09-23,318
24 Sep,924,2019,2019-09-24,328
25 Sep,925,2019,2019-09-25,317
26 Sep,926,2019,2019-09-26,322
27 Sep,927,2019,2019-09-27,309
28 Sep,928,2019,2019-09-28,318
29 Sep,929,2019,2019-09-29,331
30 Sep,930,2019,2019-09-30,340
01 Oct,1001,2019,2019-10-01,322
02 Oct,1002,2019,2019-10-02,303
03 Oct,1003,2019,2019-10-03,324
04 Oct,1004,2019,2019-10-04,331
05 Oct,1005,2019,2019-10-05,309
06 Oct,1006,2019,2019-10-06,313
07 Oct,1007,2019,2019-10-07,311
08 Oct,1008,2019,2019-10-08,332
09 Oct,1009,2019,2019-10-09,303
10 Oct,1010,2019,2019-10-10,326
11 Oct,1011,2019,2019-10-11,291
12 Oct,1012,2019,2019-10-12,329
13 Oct,1013,2019,2019-10-13,320
14 Oct,1014,2019,2019-10-14,341
15 Oct,1015,2019,2019-10-15,340
16 Oct,1016,2019,2019-10-16,299
17 Oct,1017,2019,2019-10-17,358
18 Oct,1018,2019,2019-10-18,336
19 Oct,1019,2019,2019-10-19,322
20 Oct,1020,2019,2019-10-20,337
21 Oct,1021,2019,2019-10-21,326
22 Oct,1022,2019,2019-10-22,292
23 Oct,1023,2019,2019-10-23,303
24 Oct,1024,2019,2019-10-24,308
25 Oct,1025,2019,2019-10-25,334
26 Oct,1026,2019,2019-10-26,305
27 Oct,1027,2019,2019-10-27,352
28 Oct,1028,2019,2019-10-28,339
29 Oct,1029,2019,2019-10-29,341
30 Oct,1030,2019,2019-10-30,321
31 Oct,1031,2019,2019-10-31,312
01 Nov,1101,2019,2019-11-01,335
02 Nov,1102,2019,2019-11-02,359
03 Nov,1103,2019,2019-11-03,336
04 Nov,1104,2019,2019-11-04,307
05 Nov,1105,2019,2019-11-05,337
06 Nov,1106,2019,2019-11-06,309
07 Nov,1107,2019,2019-11-07,330
08 Nov,1108,2019,2019-11-08,335
09 Nov,1109,2019,2019-11-09,304
10 Nov,1110,2019,2019-11-10,341
11 Nov,1111,2019,2019-11-11,350
12 Nov,1112,2019,2019-11-12,314
13 Nov,1113,2019,2019-11-13,314
14 Nov,1114,2019,2019-11-14,330
15 Nov,1115,2019,2019-11-15,320
16 Nov,1116,2019,2019-11-16,289
17 Nov,1117,2019,2019-11-17,305
18 Nov,1118,2019,2019-11-18,298
19 Nov,1119,2019,2019-11-19,329
20 Nov,1120,2019,2019-11-20,357
21 Nov,1121,2019,2019-11-21,291
22 Nov,1122,2019,2019-11-22,332
23 Nov,1123,2019,2019-11-23,280
24 Nov,1124,2019,2019-11-24,311
25 Nov,1125,2019,2019-11-25,291
26 Nov,1126,2019,2019-11-26,291
27 Nov,1127,2019,2019-11-27,327
28 Nov,1128,2019,2019-11-28,315
29 Nov,1129,2019,2019-11-29,320
30 Nov,1130,2019,2019-11-30,321
01 Dic,1201,2019,2019-12-01,332
02 Dic,1202,2019,2019-12-02,319
03 Dic,1203,2019,2019-12-03,325
04 Dic,1204,2019,2019-12-04,312
05 Dic,1205,2019,2019-12-05,328
06 Dic,1206,2019,2019-12-06,317
07 Dic,1207,2019,2019-12-07,324
08 Dic,1208,2019,2019-12-08,326
09 Dic,1209,2019,2019-12-09,306
10 Dic,1210,2019,2019-12-10,308
11 Dic,1211,2019,2019-12-11,303
12 Dic,1212,2019,2019-12-12,312
13 Dic,1213,2019,2019-12-13,294
14 Dic,1214,2019,2019-12-14,340
15 Dic,1215,2019,2019-12-15,344
16 Dic,1216,2019,2019-12-16,340
17 Dic,1217,2019,2019-12-17,295
18 Dic,1218,2019,2019-12-18,305
19 Dic,1219,2019,2019-12-19,323
20 Dic,1220,2019,2019-12-20,308
21 Dic,1221,2019,2019-12-21,303
22 Dic,1222,2019,2019-12-22,298
23 Dic,1223,2019,2019-12-23,308
24 Dic,1224,2019,2019-12-24,341
25 Dic,1225,2019,2019-12-25,338
26 Dic,1226,2019,2019-12-26,344
27 Dic,1227,2019,2019-12-27,323
28 Dic,1228,2019,2019-12-28,344
29 Dic,1229,2019,2019-12-29,327
30 Dic,1230,2019,2019-12-30,341
31 Dic,1231,2019,2019-12-31,338
01 Ene,101,2020,2020-01-01,378
02 Ene,102,2020,2020-01-02,331
03 Ene,103,2020,2020-01-03,324
04 Ene,104,2020,2020-01-04,333
05 Ene,105,2020,2020-01-05,362
06 Ene,106,2020,2020-01-06,373
07 Ene,107,2020,2020-01-07,323
08 Ene,108,2020,2020-01-08,350
09 Ene,109,2020,2020-01-09,363
10 Ene,110,2020,2020-01-10,312
11 Ene,111,2020,2020-01-11,357
12 Ene,112,2020,2020-01-12,349
13 Ene,113,2020,2020-01-13,318
14 Ene,114,2020,2020-01-14,356
15 Ene,115,2020,2020-01-15,339
16 Ene,116,2020,2020-01-16,353
17 Ene,117,2020,2020-01-17,339
18 Ene,118,2020,2020-01-18,317
19 Ene,119,2020,2020-01-19,307
20 Ene,120,2020,2020-01-20,354
21 Ene,121,2020,2020-01-21,315
22 Ene,122,2020,2020-01-22,347
23 Ene,123,2020,2020-01-23,336
24 Ene,124,2020,2020-01-24,342
25 Ene,125,2020,2020-01-25,344
26 Ene,126,2020,2020-01-26,317
27 Ene,127,2020,2020-01-27,333
28 Ene,128,2020,2020-01-28,321
29 Ene,129,2020,2020-01-29,311
30 Ene,130,2020,2020-01-30,284
31 Ene,131,2020,2020-01-31,329
01 Feb,201,2020,2020-02-01,333
02 Feb,202,2020,2020-02-02,345
03 Feb,203,2020,2020-02-03,337
04 Feb,204,2020,2020-02-04,329
05 Feb,205,2020,2020-02-05,335
06 Feb,206,2020,2020-02-06,358
07 Feb,207,2020,2020-02-07,333
08 Feb,208,2020,2020-02-08,306
09 Feb,209,2020,2020-02-09,331
10 Feb,210,2020,2020-02-10,311
11 Feb,211,2020,2020-02-11,331
12 Feb,212,2020,2020-02-12,312
13 Feb,213,2020,2020-02-13,344
14 Feb,214,2020,2020-02-14,353
15 Feb,215,2020,2020-02-15,386
16 Feb,216,2020,2020-02-16,316
17 Feb,217,2020,2020-02-17,320
18 Feb,218,2020,2020-02-18,323
19 Feb,219,2020,2020-02-19,323
20 Feb,220,2020,2020-02-20,336
21 Feb,221,2020,2020-02-21,336
22 Feb,222,2020,2020-02-22,356
23 Feb,223,2020,2020-02-23,349
24 Feb,224,2020,2020-02-24,395
25 Feb,225,2020,2020-02-25,325
26 Feb,226,2020,2020-02-26,329
27 Feb,227,2020,2020-02-27,332
28 Feb,228,2020,2020-02-28,343
29 Feb,229,2020,2020-02-29,350
01 Mar,301,2020,2020-03-01,342
02 Mar,302,2020,2020-03-02,326
03 Mar,303,2020,2020-03-03,359
04 Mar,304,2020,2020-03-04,346
05 Mar,305,2020,2020-03-05,346
06 Mar,306,2020,2020-03-06,358
07 Mar,307,2020,2020-03-07,341
08 Mar,308,2020,2020-03-08,334
09 Mar,309,2020,2020-03-09,323
10 Mar,310,2020,2020-03-10,366
11 Mar,311,2020,2020-03-11,350
12 Mar,312,2020,2020-03-12,371
13 Mar,313,2020,2020-03-13,340
14 Mar,314,2020,2020-03-14,379
15 Mar,315,2020,2020-03-15,341
16 Mar,316,2020,2020-03-16,339
17 Mar,317,2020,2020-03-17,305
18 Mar,318,2020,2020-03-18,328
19 Mar,319,2020,2020-03-19,328
20 Mar,320,2020,2020-03-20,344
21 Mar,321,2020,2020-03-21,278
22 Mar,322,2020,2020-03-22,263
23 Mar,323,2020,2020-03-23,297
24 Mar,324,2020,2020-03-24,298
25 Mar,325,2020,2020-03-25,311
26 Mar,326,2020,2020-03-26,282
27 Mar,327,2020,2020-03-27,309
28 Mar,328,2020,2020-03-28,332
29 Mar,329,2020,2020-03-29,321
30 Mar,330,2020,2020-03-30,347
31 Mar,331,2020,2020-03-31,348
01 Abr,401,2020,2020-04-01,327
02 Abr,402,2020,2020-04-02,339
03 Abr,403,2020,2020-04-03,337
04 Abr,404,2020,2020-04-04,348
05 Abr,405,2020,2020-04-05,341
06 Abr,406,2020,2020-04-06,333
07 Abr,407,2020,2020-04-07,310
08 Abr,408,2020,2020-04-08,357
09 Abr,409,2020,2020-04-09,346
10 Abr,410,2020,2020-04-10,410
11 Abr,411,2020,2020-04-11,387
12 Abr,412,2020,2020-04-12,369
13 Abr,413,2020,2020-04-13,411
14 Abr,414,2020,2020-04-14,446
15 Abr,415,2020,2020-04-15,431
16 Abr,416,2020,2020-04-16,442
17 Abr,417,2020,2020-04-17,449
18 Abr,418,2020,2020-04-18,435
19 Abr,419,2020,2020-04-19,481
20 Abr,420,2020,2020-04-20,535
21 Abr,421,2020,2020-04-21,500
22 Abr,422,2020,2020-04-22,528
23 Abr,423,2020,2020-04-23,541
24 Abr,424,2020,2020-04-24,623
25 Abr,425,2020,2020-04-25,589
26 Abr,426,2020,2020-04-26,567
27 Abr,427,2020,2020-04-27,608
28 Abr,428,2020,2020-04-28,619
29 Abr,429,2020,2020-04-29,609
30 Abr,430,2020,2020-04-30,728
01 May,501,2020,2020-05-01,700
02 May,502,2020,2020-05-02,728
03 May,503,2020,2020-05-03,766
04 May,504,2020,2020-05-04,732
05 May,505,2020,2020-05-05,758
06 May,506,2020,2020-05-06,745
07 May,507,2020,2020-05-07,770
08 May,508,2020,2020-05-08,768
09 May,509,2020,2020-05-09,848
10 May,510,2020,2020-05-10,830
11 May,511,2020,2020-05-11,824
12 May,512,2020,2020-05-12,786
13 May,513,2020,2020-05-13,847
14 May,514,2020,2020-05-14,870
15 May,515,2020,2020-05-15,853
16 May,516,2020,2020-05-16,870
17 May,517,2020,2020-05-17,916
18 May,518,2020,2020-05-18,983
19 May,519,2020,2020-05-19,868
20 May,520,2020,2020-05-20,890
21 May,521,2020,2020-05-21,866
22 May,522,2020,2020-05-22,862
23 May,523,2020,2020-05-23,929
24 May,524,2020,2020-05-24,949
25 May,525,2020,2020-05-25,950
26 May,526,2020,2020-05-26,882
27 May,527,2020,2020-05-27,967
28 May,528,2020,2020-05-28,909
29 May,529,2020,2020-05-29,985
30 May,530,2020,2020-05-30,923
31 May,531,2020,2020-05-31,935
01 Jun,601,2020,2020-06-01,1021
02 Jun,602,2020,2020-06-02,917
03 Jun,603,2020,2020-06-03,896
04 Jun,604,2020,2020-06-04,958
05 Jun,605,2020,2020-06-05,946
06 Jun,606,2020,2020-06-06,1006
07 Jun,607,2020,2020-06-07,903
08 Jun,608,2020,2020-06-08,994
09 Jun,609,2020,2020-06-09,931
10 Jun,610,2020,2020-06-10,953
11 Jun,611,2020,2020-06-11,929
12 Jun,612,2020,2020-06-12,994
13 Jun,613,2020,2020-06-13,975
14 Jun,614,2020,2020-06-14,948
15 Jun,615,2020,2020-06-15,968
16 Jun,616,2020,2020-06-16,975
17 Jun,617,2020,2020-06-17,985
18 Jun,618,2020,2020-06-18,894
19 Jun,619,2020,2020-06-19,982
20 Jun,620,2020,2020-06-20,898
21 Jun,621,2020,2020-06-21,891
22 Jun,622,2020,2020-06-22,880
23 Jun,623,2020,2020-06-23,875
24 Jun,624,2020,2020-06-24,881
25 Jun,625,2020,2020-06-25,879
26 Jun,626,2020,2020-06-26,864
27 Jun,627,2020,2020-06-27,895
28 Jun,628,2020,2020-06-28,885
29 Jun,629,2020,2020-06-29,867
30 Jun,630,2020,2020-06-30,902
01 Jul,701,2020,2020-07-01,878
02 Jul,702,2020,2020-07-02,879
03 Jul,703,2020,2020-07-03,896
04 Jul,704,2020,2020-07-04,854
05 Jul,705,2020,2020-07-05,963
06 Jul,706,2020,2020-07-06,908
07 Jul,707,2020,2020-07-07,929
08 Jul,708,2020,2020-07-08,928
09 Jul,709,2020,2020-07-09,888
10 Jul,710,2020,2020-07-10,904
11 Jul,711,2020,2020-07-11,957
12 Jul,712,2020,2020-07-12,981
13 Jul,713,2020,2020-07-13,955
14 Jul,714,2020,2020-07-14,971
15 Jul,715,2020,2020-07-15,993
16 Jul,716,2020,2020-07-16,947
17 Jul,717,2020,2020-07-17,954
18 Jul,718,2020,2020-07-18,984
19 Jul,719,2020,2020-07-19,955
20 Jul,720,2020,2020-07-20,982
21 Jul,721,2020,2020-07-21,950
22 Jul,722,2020,2020-07-22,1006
23 Jul,723,2020,2020-07-23,989
24 Jul,724,2020,2020-07-24,934
25 Jul,725,2020,2020-07-25,970
26 Jul,726,2020,2020-07-26,950
27 Jul,727,2020,2020-07-27,1001
28 Jul,728,2020,2020-07-28,1007
29 Jul,729,2020,2020-07-29,955
30 Jul,730,2020,2020-07-30,970
31 Jul,731,2020,2020-07-31,988
01 Ago,801,2020,2020-08-01,1034
02 Ago,802,2020,2020-08-02,960
03 Ago,803,2020,2020-08-03,1061
04 Ago,804,2020,2020-08-04,1040
05 Ago,805,2020,2020-08-05,975
06 Ago,806,2020,2020-08-06,1006
07 Ago,807,2020,2020-08-07,1026
08 Ago,808,2020,2020-08-08,1010
09 Ago,809,2020,2020-08-09,1005
10 Ago,810,2020,2020-08-10,974
11 Ago,811,2020,2020-08-11,906
12 Ago,812,2020,2020-08-12,982
13 Ago,813,2020,2020-08-13,1021
14 Ago,814,2020,2020-08-14,1022
15 Ago,815,2020,2020-08-15,895
16 Ago,816,2020,2020-08-16,913
17 Ago,817,2020,2020-08-17,962
18 Ago,818,2020,2020-08-18,896
19 Ago,819,2020,2020-08-19,839
20 Ago,820,2020,2020-08-20,825
21 Ago,821,2020,2020-08-21,888
22 Ago,822,2020,2020-08-22,823
23 Ago,823,2020,2020-08-23,893
24 Ago,824,2020,2020-08-24,872
25 Ago,825,2020,2020-08-25,850
26 Ago,826,2020,2020-08-26,805
27 Ago,827,2020,2020-08-27,812
28 Ago,828,2020,2020-08-28,789
29 Ago,829,2020,2020-08-29,728
30 Ago,830,2020,2020-08-30,723
31 Ago,831,2020,2020-08-31,696
01 Sep,901,2020,2020-09-01,695
02 Sep,902,2020,2020-09-02,727
03 Sep,903,2020,2020-09-03,656
04 Sep,904,2020,2020-09-04,683
05 Sep,905,2020,2020-09-05,651
06 Sep,906,2020,2020-09-06,623
07 Sep,907,2020,2020-09-07,651
08 Sep,908,2020,2020-09-08,618
09 Sep,909,2020,2020-09-09,615
10 Sep,910,2020,2020-09-10,610
11 Sep,911,2020,2020-09-11,611
12 Sep,912,2020,2020-09-12,602
13 Sep,913,2020,2020-09-13,570
14 Sep,914,2020,2020-09-14,588
15 Sep,915,2020,2020-09-15,574
16 Sep,916,2020,2020-09-16,565
17 Sep,917,2020,2020-09-17,571
18 Sep,918,2020,2020-09-18,515
19 Sep,919,2020,2020-09-19,544
20 Sep,920,2020,2020-09-20,529
21 Sep,921,2020,2020-09-21,544
22 Sep,922,2020,2020-09-22,497
23 Sep,923,2020,2020-09-23,501
24 Sep,924,2020,2020-09-24,483
25 Sep,925,2020,2020-09-25,500
26 Sep,926,2020,2020-09-26,513
27 Sep,927,2020,2020-09-27,446
28 Sep,928,2020,2020-09-28,507
29 Sep,929,2020,2020-09-29,463
30 Sep,930,2020,2020-09-30,448
01 Oct,1001,2020,2020-10-01,454
02 Oct,1002,2020,2020-10-02,439
03 Oct,1003,2020,2020-10-03,461
04 Oct,1004,2020,2020-10-04,461
05 Oct,1005,2020,2020-10-05,431
06 Oct,1006,2020,2020-10-06,483
07 Oct,1007,2020,2020-10-07,472
08 Oct,1008,2020,2020-10-08,455
09 Oct,1009,2020,2020-10-09,464
10 Oct,1010,2020,2020-10-10,435
11 Oct,1011,2020,2020-10-11,409
12 Oct,1012,2020,2020-10-12,472
13 Oct,1013,2020,2020-10-13,436
14 Oct,1014,2020,2020-10-14,406
15 Oct,1015,2020,2020-10-15,409
16 Oct,1016,2020,2020-10-16,458
17 Oct,1017,2020,2020-10-17,421
18 Oct,1018,2020,2020-10-18,395
19 Oct,1019,2020,2020-10-19,441
20 Oct,1020,2020,2020-10-20,428
21 Oct,1021,2020,2020-10-21,424
22 Oct,1022,2020,2020-10-22,403
23 Oct,1023,2020,2020-10-23,445
24 Oct,1024,2020,2020-10-24,425
25 Oct,1025,2020,2020-10-25,396
26 Oct,1026,2020,2020-10-26,418
27 Oct,1027,2020,2020-10-27,362
28 Oct,1028,2020,2020-10-28,380
29 Oct,1029,2020,2020-10-29,403
30 Oct,1030,2020,2020-10-30,409
31 Oct,1031,2020,2020-10-31,398
01 Nov,1101,2020,2020-11-01,427
02 Nov,1102,2020,2020-11-02,412
03 Nov,1103,2020,2020-11-03,446
04 Nov,1104,2020,2020-11-04,430
05 Nov,1105,2020,2020-11-05,383
06 Nov,1106,2020,2020-11-06,408
07 Nov,1107,2020,2020-11-07,371
08 Nov,1108,2020,2020-11-08,411
09 Nov,1109,2020,2020-11-09,378
10 Nov,1110,2020,2020-11-10,451
11 Nov,1111,2020,2020-11-11,378
12 Nov,1112,2020,2020-11-12,392
13 Nov,1113,2020,2020-11-13,447
14 Nov,1114,2020,2020-11-14,423
15 Nov,1115,2020,2020-11-15,383
16 Nov,1116,2020,2020-11-16,403
17 Nov,1117,2020,2020-11-17,422
18 Nov,1118,2020,2020-11-18,383
19 Nov,1119,2020,2020-11-19,366
20 Nov,1120,2020,2020-11-20,412
21 Nov,1121,2020,2020-11-21,393
22 Nov,1122,2020,2020-11-22,378
23 Nov,1123,2020,2020-11-23,391
24 Nov,1124,2020,2020-11-24,396
25 Nov,1125,2020,2020-11-25,370
26 Nov,1126,2020,2020-11-26,360
27 Nov,1127,2020,2020-11-27,365
28 Nov,1128,2020,2020-11-28,361
29 Nov,1129,2020,2020-11-29,389
30 Nov,1130,2020,2020-11-30,382
01 Dic,1201,2020,2020-12-01,414
02 Dic,1202,2020,2020-12-02,416
03 Dic,1203,2020,2020-12-03,409
04 Dic,1204,2020,2020-12-04,410
05 Dic,1205,2020,2020-12-05,403
06 Dic,1206,2020,2020-12-06,367
07 Dic,1207,2020,2020-12-07,449
08 Dic,1208,2020,2020-12-08,398
09 Dic,1209,2020,2020-12-09,420
10 Dic,1210,2020,2020-12-10,405
11 Dic,1211,2020,2020-12-11,413
12 Dic,1212,2020,2020-12-12,436
13 Dic,1213,2020,2020-12-13,442
14 Dic,1214,2020,2020-12-14,447
15 Dic,1215,2020,2020-12-15,412
16 Dic,1216,2020,2020-12-16,445
17 Dic,1217,2020,2020-12-17,437
18 Dic,1218,2020,2020-12-18,459
19 Dic,1219,2020,2020-12-19,475
20 Dic,1220,2020,2020-12-20,474
21 Dic,1221,2020,2020-12-21,455
22 Dic,1222,2020,2020-12-22,424
23 Dic,1223,2020,2020-12-23,456
24 Dic,1224,2020,2020-12-24,442
25 Dic,1225,2020,2020-12-25,496
26 Dic,1226,2020,2020-12-26,499
27 Dic,1227,2020,2020-12-27,483
28 Dic,1228,2020,2020-12-28,499
29 Dic,1229,2020,2020-12-29,444
30 Dic,1230,2020,2020-12-30,501
31 Dic,1231,2020,2020-12-31,478
01 Ene,101,2021,2021-01-01,510
02 Ene,102,2021,2021-01-02,534
03 Ene,103,2021,2021-01-03,518
04 Ene,104,2021,2021-01-04,555
05 Ene,105,2021,2021-01-05,525
06 Ene,106,2021,2021-01-06,513
07 Ene,107,2021,2021-01-07,555
08 Ene,108,2021,2021-01-08,581
09 Ene,109,2021,2021-01-09,579
10 Ene,110,2021,2021-01-10,601
11 Ene,111,2021,2021-01-11,630
12 Ene,112,2021,2021-01-12,609
13 Ene,113,2021,2021-01-13,651
14 Ene,114,2021,2021-01-14,604
15 Ene,115,2021,2021-01-15,645
16 Ene,116,2021,2021-01-16,693
17 Ene,117,2021,2021-01-17,733
18 Ene,118,2021,2021-01-18,757
19 Ene,119,2021,2021-01-19,773
20 Ene,120,2021,2021-01-20,765
21 Ene,121,2021,2021-01-21,818
22 Ene,122,2021,2021-01-22,787
23 Ene,123,2021,2021-01-23,875
24 Ene,124,2021,2021-01-24,860
25 Ene,125,2021,2021-01-25,977
26 Ene,126,2021,2021-01-26,881
27 Ene,127,2021,2021-01-27,919
28 Ene,128,2021,2021-01-28,934
29 Ene,129,2021,2021-01-29,933
30 Ene,130,2021,2021-01-30,976
31 Ene,131,2021,2021-01-31,995
01 Feb,201,2021,2021-02-01,1029
02 Feb,202,2021,2021-02-02,926
03 Feb,203,2021,2021-02-03,926
04 Feb,204,2021,2021-02-04,1029
05 Feb,205,2021,2021-02-05,1004
06 Feb,206,2021,2021-02-06,985
07 Feb,207,2021,2021-02-07,1020
08 Feb,208,2021,2021-02-08,1067
09 Feb,209,2021,2021-02-09,1055
10 Feb,210,2021,2021-02-10,1061
11 Feb,211,2021,2021-02-11,1121
12 Feb,212,2021,2021-02-12,1148
13 Feb,213,2021,2021-02-13,1101
14 Feb,214,2021,2021-02-14,1044
15 Feb,215,2021,2021-02-15,1062
16 Feb,216,2021,2021-02-16,1136
17 Feb,217,2021,2021-02-17,1123
18 Feb,218,2021,2021-02-18,1047
19 Feb,219,2021,2021-02-19,1094
20 Feb,220,2021,2021-02-20,1040
21 Feb,221,2021,2021-02-21,1082
22 Feb,222,2021,2021-02-22,1051
23 Feb,223,2021,2021-02-23,1010
24 Feb,224,2021,2021-02-24,1056
25 Feb,225,2021,2021-02-25,1013
26 Feb,226,2021,2021-02-26,1055
27 Feb,227,2021,2021-02-27,1063
28 Feb,228,2021,2021-02-28,1038
01 Mar,301,2021,2021-03-01,1099
02 Mar,302,2021,2021-03-02,1064
03 Mar,303,2021,2021-03-03,1106
04 Mar,304,2021,2021-03-04,1038
05 Mar,305,2021,2021-03-05,1032
06 Mar,306,2021,2021-03-06,994
07 Mar,307,2021,2021-03-07,941
08 Mar,308,2021,2021-03-08,1058
09 Mar,309,2021,2021-03-09,1044
10 Mar,310,2021,2021-03-10,959
11 Mar,311,2021,2021-03-11,962
12 Mar,312,2021,2021-03-12,
13 Mar,313,2021,2021-03-13,
14 Mar,314,2021,2021-03-14,
15 Mar,315,2021,2021-03-15,
16 Mar,316,2021,2021-03-16,
17 Mar,317,2021,2021-03-17,
18 Mar,318,2021,2021-03-18,
19 Mar,319,2021,2021-03-19,
20 Mar,320,2021,2021-03-20,
21 Mar,321,2021,2021-03-21,
22 Mar,322,2021,2021-03-22,
23 Mar,323,2021,2021-03-23,
24 Mar,324,2021,2021-03-24,
25 Mar,325,2021,2021-03-25,
26 Mar,326,2021,2021-03-26,
27 Mar,327,2021,2021-03-27,
28 Mar,328,2021,2021-03-28,
29 Mar,329,2021,2021-03-29,
30 Mar,330,2021,2021-03-30,
31 Mar,331,2021,2021-03-31,
01 Abr,401,2021,2021-04-01,
02 Abr,402,2021,2021-04-02,
03 Abr,403,2021,2021-04-03,
04 Abr,404,2021,2021-04-04,
05 Abr,405,2021,2021-04-05,
06 Abr,406,2021,2021-04-06,
07 Abr,407,2021,2021-04-07,
08 Abr,408,2021,2021-04-08,
09 Abr,409,2021,2021-04-09,
10 Abr,410,2021,2021-04-10,
11 Abr,411,2021,2021-04-11,
12 Abr,412,2021,2021-04-12,
13 Abr,413,2021,2021-04-13,
14 Abr,414,2021,2021-04-14,
15 Abr,415,2021,2021-04-15,
16 Abr,416,2021,2021-04-16,
17 Abr,417,2021,2021-04-17,
18 Abr,418,2021,2021-04-18,
19 Abr,419,2021,2021-04-19,
20 Abr,420,2021,2021-04-20,
21 Abr,421,2021,2021-04-21,
22 Abr,422,2021,2021-04-22,
23 Abr,423,2021,2021-04-23,
24 Abr,424,2021,2021-04-24,
25 Abr,425,2021,2021-04-25,
26 Abr,426,2021,2021-04-26,
27 Abr,427,2021,2021-04-27,
28 Abr,428,2021,2021-04-28,
29 Abr,429,2021,2021-04-29,
30 Abr,430,2021,2021-04-30,
01 May,501,2021,2021-05-01,
02 May,502,2021,2021-05-02,
03 May,503,2021,2021-05-03,
04 May,504,2021,2021-05-04,
05 May,505,2021,2021-05-05,
06 May,506,2021,2021-05-06,
07 May,507,2021,2021-05-07,
08 May,508,2021,2021-05-08,
09 May,509,2021,2021-05-09,
10 May,510,2021,2021-05-10,
11 May,511,2021,2021-05-11,
12 May,512,2021,2021-05-12,
13 May,513,2021,2021-05-13,
14 May,514,2021,2021-05-14,
15 May,515,2021,2021-05-15,
16 May,516,2021,2021-05-16,
17 May,517,2021,2021-05-17,
18 May,518,2021,2021-05-18,
19 May,519,2021,2021-05-19,
20 May,520,2021,2021-05-20,
21 May,521,2021,2021-05-21,
22 May,522,2021,2021-05-22,
23 May,523,2021,2021-05-23,
24 May,524,2021,2021-05-24,
25 May,525,2021,2021-05-25,
26 May,526,2021,2021-05-26,
27 May,527,2021,2021-05-27,
28 May,528,2021,2021-05-28,
29 May,529,2021,2021-05-29,
30 May,530,2021,2021-05-30,
31 May,531,2021,2021-05-31,
01 Jun,601,2021,2021-06-01,
02 Jun,602,2021,2021-06-02,
03 Jun,603,2021,2021-06-03,
04 Jun,604,2021,2021-06-04,
05 Jun,605,2021,2021-06-05,
06 Jun,606,2021,2021-06-06,
07 Jun,607,2021,2021-06-07,
08 Jun,608,2021,2021-06-08,
09 Jun,609,2021,2021-06-09,
10 Jun,610,2021,2021-06-10,
11 Jun,611,2021,2021-06-11,
12 Jun,612,2021,2021-06-12,
13 Jun,613,2021,2021-06-13,
14 Jun,614,2021,2021-06-14,
15 Jun,615,2021,2021-06-15,
16 Jun,616,2021,2021-06-16,
17 Jun,617,2021,2021-06-17,
18 Jun,618,2021,2021-06-18,
19 Jun,619,2021,2021-06-19,
20 Jun,620,2021,2021-06-20,
21 Jun,621,2021,2021-06-21,
22 Jun,622,2021,2021-06-22,
23 Jun,623,2021,2021-06-23,
24 Jun,624,2021,2021-06-24,
25 Jun,625,2021,2021-06-25,
26 Jun,626,2021,2021-06-26,
27 Jun,627,2021,2021-06-27,
28 Jun,628,2021,2021-06-28,
29 Jun,629,2021,2021-06-29,
30 Jun,630,2021,2021-06-30,
01 Jul,701,2021,2021-07-01,
02 Jul,702,2021,2021-07-02,
03 Jul,703,2021,2021-07-03,
04 Jul,704,2021,2021-07-04,
05 Jul,705,2021,2021-07-05,
06 Jul,706,2021,2021-07-06,
07 Jul,707,2021,2021-07-07,
08 Jul,708,2021,2021-07-08,
09 Jul,709,2021,2021-07-09,
10 Jul,710,2021,2021-07-10,
11 Jul,711,2021,2021-07-11,
12 Jul,712,2021,2021-07-12,
13 Jul,713,2021,2021-07-13,
14 Jul,714,2021,2021-07-14,
15 Jul,715,2021,2021-07-15,
16 Jul,716,2021,2021-07-16,
17 Jul,717,2021,2021-07-17,
18 Jul,718,2021,2021-07-18,
19 Jul,719,2021,2021-07-19,
20 Jul,720,2021,2021-07-20,
21 Jul,721,2021,2021-07-21,
22 Jul,722,2021,2021-07-22,
23 Jul,723,2021,2021-07-23,
24 Jul,724,2021,2021-07-24,
25 Jul,725,2021,2021-07-25,
26 Jul,726,2021,2021-07-26,
27 Jul,727,2021,2021-07-27,
28 Jul,728,2021,2021-07-28,
29 Jul,729,2021,2021-07-29,
30 Jul,730,2021,2021-07-30,
31 Jul,731,2021,2021-07-31,
01 Ago,801,2021,2021-08-01,
02 Ago,802,2021,2021-08-02,
03 Ago,803,2021,2021-08-03,
04 Ago,804,2021,2021-08-04,
05 Ago,805,2021,2021-08-05,
06 Ago,806,2021,2021-08-06,
07 Ago,807,2021,2021-08-07,
08 Ago,808,2021,2021-08-08,
09 Ago,809,2021,2021-08-09,
10 Ago,810,2021,2021-08-10,
11 Ago,811,2021,2021-08-11,
12 Ago,812,2021,2021-08-12,
13 Ago,813,2021,2021-08-13,
14 Ago,814,2021,2021-08-14,
15 Ago,815,2021,2021-08-15,
16 Ago,816,2021,2021-08-16,
17 Ago,817,2021,2021-08-17,
18 Ago,818,2021,2021-08-18,
19 Ago,819,2021,2021-08-19,
20 Ago,820,2021,2021-08-20,
21 Ago,821,2021,2021-08-21,
22 Ago,822,2021,2021-08-22,
23 Ago,823,2021,2021-08-23,
24 Ago,824,2021,2021-08-24,
25 Ago,825,2021,2021-08-25,
26 Ago,826,2021,2021-08-26,
27 Ago,827,2021,2021-08-27,
28 Ago,828,2021,2021-08-28,
29 Ago,829,2021,2021-08-29,
30 Ago,830,2021,2021-08-30,
31 Ago,831,2021,2021-08-31,
01 Sep,901,2021,2021-09-01,
02 Sep,902,2021,2021-09-02,
03 Sep,903,2021,2021-09-03,
04 Sep,904,2021,2021-09-04,
05 Sep,905,2021,2021-09-05,
06 Sep,906,2021,2021-09-06,
07 Sep,907,2021,2021-09-07,
08 Sep,908,2021,2021-09-08,
09 Sep,909,2021,2021-09-09,
10 Sep,910,2021,2021-09-10,
11 Sep,911,2021,2021-09-11,
12 Sep,912,2021,2021-09-12,
13 Sep,913,2021,2021-09-13,
14 Sep,914,2021,2021-09-14,
15 Sep,915,2021,2021-09-15,
16 Sep,916,2021,2021-09-16,
17 Sep,917,2021,2021-09-17,
18 Sep,918,2021,2021-09-18,
19 Sep,919,2021,2021-09-19,
20 Sep,920,2021,2021-09-20,
21 Sep,921,2021,2021-09-21,
22 Sep,922,2021,2021-09-22,
23 Sep,923,2021,2021-09-23,
24 Sep,924,2021,2021-09-24,
25 Sep,925,2021,2021-09-25,
26 Sep,926,2021,2021-09-26,
27 Sep,927,2021,2021-09-27,
28 Sep,928,2021,2021-09-28,
29 Sep,929,2021,2021-09-29,
30 Sep,930,2021,2021-09-30,
01 Oct,1001,2021,2021-10-01,
02 Oct,1002,2021,2021-10-02,
03 Oct,1003,2021,2021-10-03,
04 Oct,1004,2021,2021-10-04,
05 Oct,1005,2021,2021-10-05,
06 Oct,1006,2021,2021-10-06,
07 Oct,1007,2021,2021-10-07,
08 Oct,1008,2021,2021-10-08,
09 Oct,1009,2021,2021-10-09,
10 Oct,1010,2021,2021-10-10,
11 Oct,1011,2021,2021-10-11,
12 Oct,1012,2021,2021-10-12,
13 Oct,1013,2021,2021-10-13,
14 Oct,1014,2021,2021-10-14,
15 Oct,1015,2021,2021-10-15,
16 Oct,1016,2021,2021-10-16,
17 Oct,1017,2021,2021-10-17,
18 Oct,1018,2021,2021-10-18,
19 Oct,1019,2021,2021-10-19,
20 Oct,1020,2021,2021-10-20,
21 Oct,1021,2021,2021-10-21,
22 Oct,1022,2021,2021-10-22,
23 Oct,1023,2021,2021-10-23,
24 Oct,1024,2021,2021-10-24,
25 Oct,1025,2021,2021-10-25,
26 Oct,1026,2021,2021-10-26,
27 Oct,1027,2021,2021-10-27,
28 Oct,1028,2021,2021-10-28,
29 Oct,1029,2021,2021-10-29,
30 Oct,1030,2021,2021-10-30,
31 Oct,1031,2021,2021-10-31,
01 Nov,1101,2021,2021-11-01,
02 Nov,1102,2021,2021-11-02,
03 Nov,1103,2021,2021-11-03,
04 Nov,1104,2021,2021-11-04,
05 Nov,1105,2021,2021-11-05,
06 Nov,1106,2021,2021-11-06,
07 Nov,1107,2021,2021-11-07,
08 Nov,1108,2021,2021-11-08,
09 Nov,1109,2021,2021-11-09,
10 Nov,1110,2021,2021-11-10,
11 Nov,1111,2021,2021-11-11,
12 Nov,1112,2021,2021-11-12,
13 Nov,1113,2021,2021-11-13,
14 Nov,1114,2021,2021-11-14,
15 Nov,1115,2021,2021-11-15,
16 Nov,1116,2021,2021-11-16,
17 Nov,1117,2021,2021-11-17,
18 Nov,1118,2021,2021-11-18,
19 Nov,1119,2021,2021-11-19,
20 Nov,1120,2021,2021-11-20,
21 Nov,1121,2021,2021-11-21,
22 Nov,1122,2021,2021-11-22,
23 Nov,1123,2021,2021-11-23,
24 Nov,1124,2021,2021-11-24,
25 Nov,1125,2021,2021-11-25,
26 Nov,1126,2021,2021-11-26,
27 Nov,1127,2021,2021-11-27,
28 Nov,1128,2021,2021-11-28,
29 Nov,1129,2021,2021-11-29,
30 Nov,1130,2021,2021-11-30,
01 Dic,1201,2021,2021-12-01,
02 Dic,1202,2021,2021-12-02,
03 Dic,1203,2021,2021-12-03,
04 Dic,1204,2021,2021-12-04,
05 Dic,1205,2021,2021-12-05,
06 Dic,1206,2021,2021-12-06,
07 Dic,1207,2021,2021-12-07,
08 Dic,1208,2021,2021-12-08,
09 Dic,1209,2021,2021-12-09,
10 Dic,1210,2021,2021-12-10,
11 Dic,1211,2021,2021-12-11,
12 Dic,1212,2021,2021-12-12,
13 Dic,1213,2021,2021-12-13,
14 Dic,1214,2021,2021-12-14,
15 Dic,1215,2021,2021-12-15,
16 Dic,1216,2021,2021-12-16,
17 Dic,1217,2021,2021-12-17,
18 Dic,1218,2021,2021-12-18,
19 Dic,1219,2021,2021-12-19,
20 Dic,1220,2021,2021-12-20,
21 Dic,1221,2021,2021-12-21,
22 Dic,1222,2021,2021-12-22,
23 Dic,1223,2021,2021-12-23,
24 Dic,1224,2021,2021-12-24,
25 Dic,1225,2021,2021-12-25,
26 Dic,1226,2021,2021-12-26,
27 Dic,1227,2021,2021-12-27,
28 Dic,1228,2021,2021-12-28,
29 Dic,1229,2021,2021-12-29,
30 Dic,1230,2021,2021-12-30,
31 Dic,1231,2021,2021-12-31,
